CustomerID,Name,Address
1,Aditi Shetty,"37 Main Street, Bengaluru, India"
2,Isha Reddy,"27 Main Street, Hyderabad, India"
3,Chetan Rao,"168 Main Street, Hyderabad, India"
4,Deepa Reddy,"102 Main Street, Hyderabad, India"
5,Isha Rao,"135 Main Street, Hyderabad, India"
6,Eshwar Reddy,"140 Main Street, Bengaluru, India"
7,Eshwar Iyer,"156 Main Street, Hyderabad, India"
8,Deepa Reddy,"181 Main Street, Hyderabad, India"
9,Isha Rao,"169 Main Street, Bengaluru, India"
10,Deepa Menon,"69 Main Street, Bengaluru, India"
11,Hari Menon,"62 Main Street, Hyderabad, India"
12,Kiran Gowda,"80 Main Street, Hyderabad, India"
13,Bala Krishnan,"145 Main Street, Bengaluru, India"
14,Jaya Shetty,"165 Main Street, Hyderabad, India"
15,Aditi Gowda,"141 Main Street, Bengaluru, India"
16,Gita Naidu,"128 Main Street, Hyderabad, India"
17,Kiran Pillai,"174 Main Street, Bengaluru, India"
18,Jaya Rao,"24 Main Street, Bengaluru, India"
19,Chetan Naidu,"102 Main Street, Bengaluru, India"
20,Kiran Rao,"131 Main Street, Bengaluru, India"
21,Bala Menon,"170 Main Street, Hyderabad, India"
22,Chetan Nair,"197 Main Street, Bengaluru, India"
23,Kiran Rao,"178 Main Street, Hyderabad, India"
24,Chetan Rao,"63 Main Street, Bengaluru, India"
25,Jaya Rao,"107 Main Street, Hyderabad, India"
26,Deepa Reddy,"111 Main Street, Hyderabad, India"
27,Chetan Gowda,"59 Main Street, Bengaluru, India"
28,Chetan Iyer,"30 Main Street, Bengaluru, India"
29,Kiran Krishnan,"180 Main Street, Bengaluru, India"
30,Gita Reddy,"103 Main Street, Bengaluru, India"
31,Hari Rao,"46 Main Street, Hyderabad, India"
32,Eshwar Menon,"190 Main Street, Bengaluru, India"
33,Hari Rao,"68 Main Street, Bengaluru, India"
34,Chetan Menon,"72 Main Street, Bengaluru, India"
35,Bala Gowda,"144 Main Street, Bengaluru, India"
36,Chetan Shetty,"76 Main Street, Bengaluru, India"
37,Kiran Reddy,"140 Main Street, Hyderabad, India"
38,Kiran Gowda,"138 Main Street, Bengaluru, India"
39,Jaya Krishnan,"158 Main Street, Hyderabad, India"
40,Hari Reddy,"62 Main Street, Bengaluru, India"
41,Isha Naidu,"67 Main Street, Bengaluru, India"
42,Deepa Reddy,"27 Main Street, Hyderabad, India"
43,Jaya Menon,"134 Main Street, Bengaluru, India"
44,Chetan Shetty,"48 Main Street, Bengaluru, India"
45,Aditi Reddy,"159 Main Street, Hyderabad, India"
46,Chetan Naidu,"130 Main Street, Hyderabad, India"
47,Isha Nair,"68 Main Street, Hyderabad, India"
48,Chetan Iyer,"87 Main Street, Bengaluru, India"
49,Jaya Nair,"39 Main Street, Hyderabad, India"
50,Jaya Pillai,"186 Main Street, Hyderabad, India"
51,Kiran Iyer,"125 Main Street, Hyderabad, India"
52,Chetan Menon,"16 Main Street, Hyderabad, India"
53,Eshwar Iyer,"16 Main Street, Hyderabad, India"
54,Jaya Gowda,"74 Main Street, Hyderabad, India"
55,Gita Menon,"143 Main Street, Hyderabad, India"
56,Eshwar Rao,"3 Main Street, Bengaluru, India"
57,Jaya Iyer,"9 Main Street, Hyderabad, India"
58,Eshwar Shetty,"152 Main Street, Bengaluru, India"
59,Gita Shetty,"195 Main Street, Hyderabad, India"
60,Jaya Shetty,"92 Main Street, Hyderabad, India"
61,Aditi Rao,"25 Main Street, Hyderabad, India"
62,Deepa Menon,"60 Main Street, Bengaluru, India"
63,Bala Reddy,"115 Main Street, Hyderabad, India"
64,Chetan Naidu,"9 Main Street, Bengaluru, India"
65,Eshwar Nair,"89 Main Street, Bengaluru, India"
66,Isha Iyer,"181 Main Street, Hyderabad, India"
67,Eshwar Rao,"3 Main Street, Hyderabad, India"
68,Deepa Pillai,"189 Main Street, Bengaluru, India"
69,Aditi Menon,"138 Main Street, Bengaluru, India"
70,Eshwar Krishnan,"136 Main Street, Bengaluru, India"
71,Gita Naidu,"46 Main Street, Hyderabad, India"
72,Jaya Nair,"35 Main Street, Hyderabad, India"
73,Bala Shetty,"126 Main Street, Hyderabad, India"
74,Eshwar Pillai,"109 Main Street, Bengaluru, India"
75,Chetan Gowda,"104 Main Street, Hyderabad, India"
76,Aditi Gowda,"108 Main Street, Bengaluru, India"
77,Hari Reddy,"192 Main Street, Bengaluru, India"
78,Isha Krishnan,"87 Main Street, Bengaluru, India"
79,Bala Reddy,"102 Main Street, Hyderabad, India"
80,Gita Reddy,"99 Main Street, Hyderabad, India"
81,Eshwar Naidu,"1 Main Street, Hyderabad, India"
82,Jaya Menon,"32 Main Street, Hyderabad, India"
83,Kiran Nair,"5 Main Street, Hyderabad, India"
84,Chetan Naidu,"123 Main Street, Hyderabad, India"
85,Chetan Iyer,"107 Main Street, Hyderabad, India"
86,Isha Reddy,"171 Main Street, Hyderabad, India"
87,Deepa Krishnan,"26 Main Street, Hyderabad, India"
88,Eshwar Shetty,"49 Main Street, Hyderabad, India"
89,Gita Gowda,"138 Main Street, Hyderabad, India"
90,Bala Rao,"27 Main Street, Bengaluru, India"
91,Isha Nair,"64 Main Street, Bengaluru, India"
92,Isha Reddy,"176 Main Street, Hyderabad, India"
93,Bala Menon,"171 Main Street, Hyderabad, India"
94,Gita Menon,"95 Main Street, Hyderabad, India"
95,Eshwar Krishnan,"180 Main Street, Hyderabad, India"
96,Bala Menon,"161 Main Street, Hyderabad, India"
97,Hari Gowda,"109 Main Street, Hyderabad, India"
98,Kiran Krishnan,"163 Main Street, Bengaluru, India"
99,Aditi Nair,"102 Main Street, Hyderabad, India"
100,Jaya Iyer,"47 Main Street, Hyderabad, India"
101,Jaya Menon,"86 Main Street, Hyderabad, India"
102,Isha Shetty,"80 Main Street, Hyderabad, India"
103,Hari Rao,"167 Main Street, Hyderabad, India"
104,Deepa Nair,"73 Main Street, Hyderabad, India"
105,Isha Iyer,"21 Main Street, Hyderabad, India"
106,Gita Menon,"35 Main Street, Hyderabad, India"
107,Eshwar Rao,"53 Main Street, Hyderabad, India"
108,Aditi Nair,"81 Main Street, Hyderabad, India"
109,Chetan Pillai,"159 Main Street, Bengaluru, India"
110,Hari Menon,"193 Main Street, Bengaluru, India"
111,Aditi Shetty,"148 Main Street, Bengaluru, India"
112,Eshwar Krishnan,"35 Main Street, Bengaluru, India"
113,Chetan Nair,"7 Main Street, Hyderabad, India"
114,Isha Shetty,"105 Main Street, Hyderabad, India"
115,Bala Naidu,"157 Main Street, Bengaluru, India"
116,Jaya Reddy,"97 Main Street, Hyderabad, India"
117,Eshwar Krishnan,"187 Main Street, Hyderabad, India"
118,Kiran Krishnan,"76 Main Street, Bengaluru, India"
119,Chetan Nair,"40 Main Street, Bengaluru, India"
120,Kiran Iyer,"155 Main Street, Hyderabad, India"
121,Bala Naidu,"156 Main Street, Bengaluru, India"
122,Chetan Reddy,"135 Main Street, Bengaluru, India"
123,Deepa Krishnan,"133 Main Street, Bengaluru, India"
124,Jaya Nair,"102 Main Street, Hyderabad, India"
125,Gita Nair,"48 Main Street, Hyderabad, India"
126,Bala Pillai,"156 Main Street, Bengaluru, India"
127,Hari Nair,"150 Main Street, Bengaluru, India"
128,Hari Naidu,"25 Main Street, Bengaluru, India"
129,Kiran Pillai,"191 Main Street, Bengaluru, India"
130,Eshwar Shetty,"166 Main Street, Bengaluru, India"
131,Chetan Reddy,"185 Main Street, Hyderabad, India"
132,Eshwar Gowda,"87 Main Street, Bengaluru, India"
133,Isha Menon,"69 Main Street, Bengaluru, India"
134,Deepa Iyer,"104 Main Street, Bengaluru, India"
135,Kiran Naidu,"29 Main Street, Hyderabad, India"
136,Jaya Rao,"148 Main Street, Bengaluru, India"
137,Aditi Rao,"152 Main Street, Hyderabad, India"
138,Eshwar Shetty,"66 Main Street, Bengaluru, India"
139,Deepa Krishnan,"4 Main Street, Bengaluru, India"
140,Jaya Nair,"106 Main Street, Bengaluru, India"
141,Hari Nair,"117 Main Street, Hyderabad, India"
142,Bala Nair,"131 Main Street, Hyderabad, India"
143,Isha Rao,"164 Main Street, Hyderabad, India"
144,Kiran Reddy,"194 Main Street, Bengaluru, India"
145,Chetan Rao,"38 Main Street, Hyderabad, India"
146,Deepa Naidu,"120 Main Street, Hyderabad, India"
147,Kiran Iyer,"14 Main Street, Hyderabad, India"
148,Chetan Iyer,"196 Main Street, Hyderabad, India"
149,Bala Naidu,"21 Main Street, Bengaluru, India"
150,Gita Menon,"149 Main Street, Hyderabad, India"
151,Bala Iyer,"58 Main Street, Hyderabad, India"
152,Gita Rao,"194 Main Street, Hyderabad, India"
153,Hari Shetty,"59 Main Street, Hyderabad, India"
154,Deepa Iyer,"87 Main Street, Hyderabad, India"
155,Deepa Shetty,"76 Main Street, Bengaluru, India"
156,Deepa Rao,"74 Main Street, Hyderabad, India"
157,Deepa Gowda,"80 Main Street, Hyderabad, India"
158,Eshwar Menon,"190 Main Street, Bengaluru, India"
159,Aditi Menon,"22 Main Street, Hyderabad, India"
160,Hari Naidu,"131 Main Street, Hyderabad, India"
161,Jivathran,"142 Main Street, Madhya Pradesh, India"
162,Damini,"155 Main Street, Bihar, India"
163,Esha,"7 Main Street, Uttar Pradesh, India"
164,Gopi,"159 Main Street, West Bengal, India"
165,Jyotika,"196 Main Street, Uttar Pradesh, India"
166,Kapila ,"123 Main Street, West Bengal, India"
167,Karishma,"53 Main Street, Maharashtra, India"
168,Kasturi,"15 Main Street, Maharashtra, India"
169,Kavita,"187 Main Street, Bihar, India"
170,Khushbu,"3 Main Street, West Bengal, India"
171,Kiran,"159 Main Street, Bihar, India"
172,Kirti,"10 Main Street, Bihar, India"
173,Kiran Banerjee,"166 Main Street, Maharashtra, India"
174,Komal,"51 Main Street, Uttar Pradesh, India"
175,Krishna,"119 Main Street, West Bengal, India"
176,Kusum,"199 Main Street, Madhya Pradesh, India"
177,Kiran Banerjee,"103 Main Street, Maharashtra, India"
178,Neela,"39 Main Street, Bihar, India"
179,Neha,"120 Main Street, Uttar Pradesh, India"
180,Nehal,"156 Main Street, Bihar, India"
181,Nidhi,"134 Main Street, Madhya Pradesh, India"
182,Nikita,"101 Main Street, West Bengal, India"
183,Pranav Mohan,"24 Main Street, Bihar, India"
184,Meena Varma,"186 Main Street, Madhya Pradesh, India"
185,Girish Gupta,"52 Main Street, Maharashtra, India"
186,Neha Joshi,"95 Main Street, West Bengal, India"
187,Arun Kapoor,"195 Main Street, Uttar Pradesh, India"
188,Preeti Malhotra,"187 Main Street, Madhya Pradesh, India"
189,Sunil Pillai,"79 Main Street, Uttar Pradesh, India"
190,Asha Shetty,"51 Main Street, Bihar, India"
191,Ravi Chopra,"20 Main Street, West Bengal, India"
192,Anjali Bose,"137 Main Street, Uttar Pradesh, India"
193,Suresh Kulkarni,"178 Main Street, Maharashtra, India"
194,Bindu Mehta,"115 Main Street, West Bengal, India"
195,Amit Saxena,"53 Main Street, Madhya Pradesh, India"
196,Divya Desai,"115 Main Street, Maharashtra, India"
197,Kiran Banerjee,"181 Main Street, Maharashtra, India"
198,Latha Ghosh,"162 Main Street, Maharashtra, India"
199,Prasad Rangan,"27 Main Street, Bihar, India"
200,Shilpa Nayak,"120 Main Street, Bihar, India"
